{
  "config": {
    "common.iamlibertyustest.auth0.com": [
      {
        "##client_name##": "lmig.surety:document-mgmt-individual-api-client:development"
      }
    ]
  },
  "clients": [
    {
      "is_token_endpoint_ip_header_trusted": false,
      "name": "##client_name##",
      "is_first_party": true,
      "oidc_conformant": true,
      "sso_disabled": false,
      "cross_origin_auth": false,
      "callback_url_template": false,
      "jwt_configuration": {
        "alg": "RS256",
        "lifetime_in_seconds": 300
      },
      "app_type": "non_interactive",
      "grant_types": [
        "client_credentials"
      ],
      "custom_login_page_on": true
    }
  ],
  "clientGrants": [
    {
      "name": "##client_name##",
      "audience": "https://surety.lmig.com",
      "scope": []
    }
  ]
}
